student_id,content,wording
000000ffffff,-1.3541489072962283,0.0548550788597687
111111eeeeee,-1.3541489072962283,0.0548550788597687
222222cccccc,-1.3541489072962283,0.0548550788597687
333333dddddd,-1.3541489072962283,0.0548550788597687
